is_remote,count,share
False,995,87.43409490333919
True,143,12.56590509666081
