country_name,count,share
USA,683,60.017574692442885
United Kingdom,250,21.968365553602812
Canada,205,18.014059753954307
