experience_group,count,mean,median,min,max
junior,286,3.6853146853146854,3.0,0,13
mid_plus,852,3.698356807511737,3.0,0,16
