experience_group,count,share
mid_plus,852,74.86818980667839
junior,286,25.13181019332162
